TimeStamp,OrderId,OrderStatus,VehicleId,unix_timestamp
20,466299,UNASSIGNED,-1,1591221620
21,466299,ASSIGNED,11,1591221621
20,239288,UNASSIGNED,-1,1591221620
21,239288,ASSIGNED,9,1591221621
80,394893,UNASSIGNED,-1,1591221680
81,394893,ASSIGNED,49,1591221681
313,466299,IN_PROGRESS,11,1591221913
320,743962,UNASSIGNED,-1,1591221920
321,743962,ASSIGNED,36,1591221921
500,37223,UNASSIGNED,-1,1591222100
501,37223,ASSIGNED,9,1591222101
500,292277,UNASSIGNED,-1,1591222100
501,292277,ASSIGNED,48,1591222101
560,536956,UNASSIGNED,-1,1591222160
561,536956,ASSIGNED,33,1591222161
610,104619,UNASSIGNED,-1,1591222210
611,104619,ASSIGNED,9,1591222211
792,292277,IN_PROGRESS,48,1591222392
840,110335,UNASSIGNED,-1,1591222440
841,110335,ASSIGNED,40,1591222441
960,486961,UNASSIGNED,-1,1591222560
961,486961,ASSIGNED,45,1591222561
980,207129,UNASSIGNED,-1,1591222580
981,207129,ASSIGNED,15,1591222581
1036,536956,IN_PROGRESS,33,1591222636
1061,743962,IN_PROGRESS,36,1591222661
1083,239288,IN_PROGRESS,9,1591222683
1083,509881,UNASSIGNED,-1,1591222683
1084,509881,ASSIGNED,9,1591222684
1110,398461,UNASSIGNED,-1,1591222710
1111,398461,ASSIGNED,43,1591222711
1396,110335,IN_PROGRESS,40,1591222996
1440,749509,UNASSIGNED,-1,1591223040
1441,749509,ASSIGNED,15,1591223041
1472,466299,DELIVERED,11,1591223072
1514,207129,IN_PROGRESS,15,1591223114
1520,220348,UNASSIGNED,-1,1591223120
1521,220348,ASSIGNED,40,1591223121
1532,450410,UNASSIGNED,-1,1591223132
1533,450410,ASSIGNED,27,1591223133
1567,536956,DELIVERED,33,1591223167
1592,536348,UNASSIGNED,-1,1591223192
1593,536348,ASSIGNED,49,1591223193
1728,486961,IN_PROGRESS,45,1591223328
1760,924253,UNASSIGNED,-1,1591223360
1761,924253,ASSIGNED,6,1591223361
1801,346445,ASSIGNED,49,1591223401
1801,914881,ASSIGNED,34,1591223401
1801,577114,ASSIGNED,34,1591223401
1801,480850,ASSIGNED,34,1591223401
1801,268753,ASSIGNED,49,1591223401
1801,3799,ASSIGNED,34,1591223401
1801,428005,ASSIGNED,49,1591223401
1801,507178,ASSIGNED,49,1591223401
1801,708217,ASSIGNED,33,1591223401
1801,280375,ASSIGNED,6,1591223401
1801,608445,ASSIGNED,33,1591223401
1801,985550,ASSIGNED,34,1591223401
1801,638538,ASSIGNED,33,1591223401
1801,336386,ASSIGNED,27,1591223401
1801,513998,ASSIGNED,27,1591223401
1801,488012,ASSIGNED,33,1591223401
1801,582469,ASSIGNED,35,1591223401
1801,276746,ASSIGNED,35,1591223401
1801,810457,ASSIGNED,35,1591223401
1801,889684,ASSIGNED,9,1591223401
1801,780913,ASSIGNED,35,1591223401
1801,313733,ASSIGNED,49,1591223401
1801,506497,ASSIGNED,5,1591223401
1801,938268,ASSIGNED,35,1591223401
1801,945581,ASSIGNED,5,1591223401
1801,850212,ASSIGNED,33,1591223401
1801,774178,ASSIGNED,5,1591223401
1801,441388,ASSIGNED,5,1591223401
1801,543930,ASSIGNED,33,1591223401
1801,862668,ASSIGNED,33,1591223401
1801,414285,ASSIGNED,33,1591223401
1801,116446,ASSIGNED,11,1591223401
1801,593659,ASSIGNED,11,1591223401
1801,266634,ASSIGNED,5,1591223401
1801,964865,ASSIGNED,27,1591223401
1801,257957,ASSIGNED,49,1591223401
1801,960694,ASSIGNED,27,1591223401
1801,756034,ASSIGNED,49,1591223401
1801,951104,ASSIGNED,5,1591223401
1801,226380,ASSIGNED,40,1591223401
1801,421202,ASSIGNED,11,1591223401
1801,437744,ASSIGNED,11,1591223401
1801,355443,ASSIGNED,30,1591223401
1801,157063,ASSIGNED,30,1591223401
1801,275111,ASSIGNED,40,1591223401
1801,96676,ASSIGNED,30,1591223401
1801,555814,ASSIGNED,40,1591223401
1801,371182,ASSIGNED,11,1591223401
1801,823648,ASSIGNED,33,1591223401
1801,616564,ASSIGNED,40,1591223401
1801,964757,ASSIGNED,49,1591223401
1801,785814,ASSIGNED,36,1591223401
1801,358820,ASSIGNED,7,1591223401
1801,453299,ASSIGNED,36,1591223401
1801,405939,ASSIGNED,36,1591223401
1801,18230,ASSIGNED,7,1591223401
1801,366148,ASSIGNED,7,1591223401
1801,648002,ASSIGNED,36,1591223401
1801,712519,ASSIGNED,30,1591223401
1801,590801,ASSIGNED,7,1591223401
1880,190028,UNASSIGNED,-1,1591223480
1881,190028,ASSIGNED,30,1591223481
1911,398461,IN_PROGRESS,43,1591223511
1921,394893,IN_PROGRESS,49,1591223521
2034,239288,DELIVERED,9,1591223634
2060,995182,UNASSIGNED,-1,1591223660
2061,995182,ASSIGNED,28,1591223661
2060,503109,UNASSIGNED,-1,1591223660
2061,503109,ASSIGNED,36,1591223661
2110,579601,UNASSIGNED,-1,1591223710
2111,579601,ASSIGNED,48,1591223711
2182,749509,IN_PROGRESS,15,1591223782
2210,924253,IN_PROGRESS,6,1591223810
2210,966210,UNASSIGNED,-1,1591223810
2211,966210,ASSIGNED,30,1591223811
2220,450410,IN_PROGRESS,27,1591223820
2280,723931,UNASSIGNED,-1,1591223880
2281,723931,ASSIGNED,6,1591223881
2280,905695,UNASSIGNED,-1,1591223880
2281,905695,ASSIGNED,50,1591223881
2340,916819,UNASSIGNED,-1,1591223940
2341,916819,ASSIGNED,18,1591223941
2360,320782,UNASSIGNED,-1,1591223960
2361,320782,ASSIGNED,45,1591223961
2545,850575,UNASSIGNED,-1,1591224145
2546,850575,ASSIGNED,6,1591224146
2563,37223,IN_PROGRESS,9,1591224163
2563,509881,IN_PROGRESS,9,1591224163
2592,995182,IN_PROGRESS,28,1591224192
2610,472577,UNASSIGNED,-1,1591224210
2611,472577,ASSIGNED,8,1591224211
2623,865488,UNASSIGNED,-1,1591224223
2624,865488,ASSIGNED,33,1591224224
2727,430623,UNASSIGNED,-1,1591224327
2728,430623,ASSIGNED,19,1591224328
2805,743962,DELIVERED,36,1591224405
2840,932752,UNASSIGNED,-1,1591224440
2841,932752,ASSIGNED,35,1591224441
2847,298172,UNASSIGNED,-1,1591224447
2848,298172,ASSIGNED,7,1591224448
2900,758712,UNASSIGNED,-1,1591224500
2901,758712,ASSIGNED,8,1591224501
3008,190028,IN_PROGRESS,30,1591224608
3093,292277,DELIVERED,48,1591224693
3120,440451,UNASSIGNED,-1,1591224720
3121,440451,ASSIGNED,43,1591224721
3150,201703,UNASSIGNED,-1,1591224750
3151,201703,ASSIGNED,30,1591224751
3169,905695,IN_PROGRESS,50,1591224769
3238,932752,IN_PROGRESS,35,1591224838
3240,750701,UNASSIGNED,-1,1591224840
3241,750701,ASSIGNED,46,1591224841
3265,916819,IN_PROGRESS,18,1591224865
3320,855455,UNASSIGNED,-1,1591224920
3321,855455,ASSIGNED,19,1591224921
3343,486961,DELIVERED,45,1591224943
3350,723925,UNASSIGNED,-1,1591224950
3351,723925,ASSIGNED,43,1591224951
3364,220348,IN_PROGRESS,40,1591224964
3364,30320,UNASSIGNED,-1,1591224964
3365,30320,ASSIGNED,4,1591224965
3480,414232,UNASSIGNED,-1,1591225080
3481,414232,ASSIGNED,4,1591225081
3510,128931,UNASSIGNED,-1,1591225110
3511,128931,ASSIGNED,35,1591225111
3561,579601,IN_PROGRESS,48,1591225161
3570,408794,UNASSIGNED,-1,1591225170
3571,408794,ASSIGNED,8,1591225171
3720,33525,UNASSIGNED,-1,1591225320
3721,33525,ASSIGNED,28,1591225321
3770,509881,DELIVERED,9,1591225370
3798,472577,IN_PROGRESS,8,1591225398
3823,577114,IN_PROGRESS,34,1591225423
3823,480850,IN_PROGRESS,34,1591225423
3823,3799,IN_PROGRESS,34,1591225423
3823,914881,IN_PROGRESS,34,1591225423
3856,672128,UNASSIGNED,-1,1591225456
3857,672128,ASSIGNED,22,1591225457
3937,536348,IN_PROGRESS,49,1591225537
3937,45953,UNASSIGNED,-1,1591225537
3938,45953,ASSIGNED,36,1591225538
3980,864865,UNASSIGNED,-1,1591225580
3981,864865,ASSIGNED,36,1591225581
4020,801539,UNASSIGNED,-1,1591225620
4021,801539,ASSIGNED,45,1591225621
4042,280375,IN_PROGRESS,6,1591225642
4050,365380,UNASSIGNED,-1,1591225650
4051,365380,ASSIGNED,26,1591225651
4050,25867,UNASSIGNED,-1,1591225650
4051,25867,ASSIGNED,21,1591225651
4105,430623,IN_PROGRESS,19,1591225705
4160,45277,UNASSIGNED,-1,1591225760
4161,45277,ASSIGNED,47,1591225761
4232,320782,IN_PROGRESS,45,1591225832
4260,578800,UNASSIGNED,-1,1591225860
4261,578800,ASSIGNED,34,1591225861
4274,128931,IN_PROGRESS,35,1591225874
4290,374954,UNASSIGNED,-1,1591225890
4291,374954,ASSIGNED,50,1591225891
4290,218713,UNASSIGNED,-1,1591225890
4291,218713,ASSIGNED,18,1591225891
4290,438096,UNASSIGNED,-1,1591225890
4291,438096,ASSIGNED,14,1591225891
4310,236043,UNASSIGNED,-1,1591225910
4311,236043,ASSIGNED,45,1591225911
4455,865488,IN_PROGRESS,33,1591226055
4466,750701,IN_PROGRESS,46,1591226066
4510,924313,UNASSIGNED,-1,1591226110
4511,924313,ASSIGNED,26,1591226111
4563,282006,UNASSIGNED,-1,1591226163
4564,282006,ASSIGNED,41,1591226164
4620,797091,UNASSIGNED,-1,1591226220
4621,797091,ASSIGNED,36,1591226221
4661,298172,IN_PROGRESS,7,1591226261
4690,30320,IN_PROGRESS,4,1591226290
4690,886370,UNASSIGNED,-1,1591226290
4691,886370,ASSIGNED,26,1591226291
4727,398461,DELIVERED,43,1591226327
4860,556083,UNASSIGNED,-1,1591226460
4861,556083,ASSIGNED,14,1591226461
4880,220348,DELIVERED,40,1591226480
4901,578800,IN_PROGRESS,34,1591226501
4910,754499,UNASSIGNED,-1,1591226510
4911,754499,ASSIGNED,41,1591226511
4938,672128,IN_PROGRESS,22,1591226538
4949,855455,IN_PROGRESS,19,1591226549
4950,476601,UNASSIGNED,-1,1591226550
4951,476601,ASSIGNED,10,1591226551
5000,516026,UNASSIGNED,-1,1591226600
5001,516026,ASSIGNED,21,1591226601
5060,242878,UNASSIGNED,-1,1591226660
5061,242878,ASSIGNED,19,1591226661
5114,438096,IN_PROGRESS,14,1591226714
5220,575208,UNASSIGNED,-1,1591226820
5221,575208,ASSIGNED,16,1591226821
5270,178983,UNASSIGNED,-1,1591226870
5271,178983,ASSIGNED,47,1591226871
5301,3799,DELIVERED,34,1591226901
5302,932752,DELIVERED,35,1591226902
5302,128931,DELIVERED,35,1591226902
5325,37223,DELIVERED,9,1591226925
5331,282006,IN_PROGRESS,41,1591226931
5331,989579,UNASSIGNED,-1,1591226931
5332,989579,ASSIGNED,28,1591226932
5356,414232,IN_PROGRESS,4,1591226956
5386,916819,DELIVERED,18,1591226986
5416,963201,UNASSIGNED,-1,1591227016
5417,963201,ASSIGNED,8,1591227017
5419,723931,IN_PROGRESS,6,1591227019
5419,280375,DELIVERED,6,1591227019
5419,924253,DELIVERED,6,1591227019
5463,536348,DELIVERED,49,1591227063
5463,394893,DELIVERED,49,1591227063
5463,130411,UNASSIGNED,-1,1591227063
5464,130411,ASSIGNED,36,1591227064
5463,761501,UNASSIGNED,-1,1591227063
5464,761501,ASSIGNED,36,1591227064
5523,408794,IN_PROGRESS,8,1591227123
5568,579601,DELIVERED,48,1591227168
5630,637872,UNASSIGNED,-1,1591227230
5631,637872,ASSIGNED,11,1591227231
5640,603718,UNASSIGNED,-1,1591227240
5641,603718,ASSIGNED,41,1591227241
5710,571750,UNASSIGNED,-1,1591227310
5711,571750,ASSIGNED,10,1591227311
5733,268753,IN_PROGRESS,49,1591227333
5733,346445,IN_PROGRESS,49,1591227333
5733,428005,IN_PROGRESS,49,1591227333
5733,507178,IN_PROGRESS,49,1591227333
5769,365380,IN_PROGRESS,26,1591227369
5788,749509,DELIVERED,15,1591227388
5808,70086,UNASSIGNED,-1,1591227408
5809,70086,ASSIGNED,40,1591227409
5854,218713,IN_PROGRESS,18,1591227454
5877,723925,IN_PROGRESS,43,1591227477
5877,440451,IN_PROGRESS,43,1591227477
5900,339618,UNASSIGNED,-1,1591227500
5901,339618,ASSIGNED,36,1591227501
5969,201703,IN_PROGRESS,30,1591227569
5969,966210,IN_PROGRESS,30,1591227569
5969,190028,DELIVERED,30,1591227569
5985,276746,IN_PROGRESS,35,1591227585
5985,810457,IN_PROGRESS,35,1591227585
5985,582469,IN_PROGRESS,35,1591227585
5985,780913,IN_PROGRESS,35,1591227585
5987,450410,DELIVERED,27,1591227587
5987,850575,IN_PROGRESS,6,1591227587
6003,556083,IN_PROGRESS,14,1591227603
6045,25867,IN_PROGRESS,21,1591227645
6080,70547,UNASSIGNED,-1,1591227680
6081,70547,ASSIGNED,8,1591227681
6108,959775,UNASSIGNED,-1,1591227708
6109,959775,ASSIGNED,24,1591227709
6180,935047,UNASSIGNED,-1,1591227780
6181,935047,ASSIGNED,43,1591227781
6210,624348,UNASSIGNED,-1,1591227810
6211,624348,ASSIGNED,50,1591227811
6228,714452,UNASSIGNED,-1,1591227828
6229,714452,ASSIGNED,40,1591227829
6228,310779,UNASSIGNED,-1,1591227828
6229,310779,ASSIGNED,36,1591227829
6271,886370,IN_PROGRESS,26,1591227871
6271,924313,IN_PROGRESS,26,1591227871
6297,476601,IN_PROGRESS,10,1591227897
6297,45277,IN_PROGRESS,47,1591227897
6300,14052,UNASSIGNED,-1,1591227900
6301,14052,ASSIGNED,43,1591227901
6303,905695,DELIVERED,50,1591227903
6440,928153,UNASSIGNED,-1,1591228040
6441,928153,ASSIGNED,21,1591228041
6471,801539,IN_PROGRESS,45,1591228071
6471,236043,IN_PROGRESS,45,1591228071
6471,320782,DELIVERED,45,1591228071
6509,855455,DELIVERED,19,1591228109
6530,414232,DELIVERED,4,1591228130
6540,549448,UNASSIGNED,-1,1591228140
6541,549448,ASSIGNED,7,1591228141
6570,996082,UNASSIGNED,-1,1591228170
6571,996082,ASSIGNED,18,1591228171
6588,541590,UNASSIGNED,-1,1591228188
6589,541590,ASSIGNED,36,1591228189
6598,995182,DELIVERED,28,1591228198
6681,850575,DELIVERED,6,1591228281
6710,408794,DELIVERED,8,1591228310
6712,575208,IN_PROGRESS,16,1591228312
6712,177802,UNASSIGNED,-1,1591228312
6713,177802,ASSIGNED,9,1591228313
6759,207129,DELIVERED,15,1591228359
6789,637872,IN_PROGRESS,11,1591228389
6819,737391,UNASSIGNED,-1,1591228419
6820,737391,ASSIGNED,14,1591228420
6833,603718,IN_PROGRESS,41,1591228433
6838,865488,DELIVERED,33,1591228438
6951,516026,IN_PROGRESS,21,1591228551
7006,935047,IN_PROGRESS,43,1591228606
7018,578800,DELIVERED,34,1591228618
7154,889684,IN_PROGRESS,9,1591228754
7175,374954,IN_PROGRESS,50,1591228775
7179,375970,UNASSIGNED,-1,1591228779
7180,375970,ASSIGNED,6,1591228780
7209,33525,IN_PROGRESS,28,1591228809
7283,110335,DELIVERED,40,1591228883
7289,886370,DELIVERED,26,1591228889
7320,151797,UNASSIGNED,-1,1591228920
7321,151797,ASSIGNED,15,1591228921
7320,624074,UNASSIGNED,-1,1591228920
7321,624074,ASSIGNED,14,1591228921
7370,30320,DELIVERED,4,1591228970
7410,959775,IN_PROGRESS,24,1591229010
7428,672128,DELIVERED,22,1591229028
7514,750701,DELIVERED,46,1591229114
7535,996082,IN_PROGRESS,18,1591229135
7560,411939,UNASSIGNED,-1,1591229160
7561,411939,ASSIGNED,36,1591229161
7636,723925,DELIVERED,43,1591229236
7636,935047,DELIVERED,43,1591229236
7670,424583,UNASSIGNED,-1,1591229270
7671,424583,ASSIGNED,47,1591229271
7696,945581,IN_PROGRESS,5,1591229296
7696,506497,IN_PROGRESS,5,1591229296
7696,774178,IN_PROGRESS,5,1591229296
7696,441388,IN_PROGRESS,5,1591229296
7880,432165,UNASSIGNED,-1,1591229480
7881,432165,ASSIGNED,16,1591229481
7911,472577,DELIVERED,8,1591229511
7961,928153,IN_PROGRESS,21,1591229561
7961,25867,DELIVERED,21,1591229561
7961,516026,DELIVERED,21,1591229561
7971,375970,IN_PROGRESS,6,1591229571
8003,996082,DELIVERED,18,1591229603
8003,574177,UNASSIGNED,-1,1591229603
8004,574177,ASSIGNED,15,1591229604
8048,624348,IN_PROGRESS,50,1591229648
8120,151797,IN_PROGRESS,15,1591229720
8127,310779,IN_PROGRESS,36,1591229727
8206,638538,IN_PROGRESS,33,1591229806
8206,608445,IN_PROGRESS,33,1591229806
8206,488012,IN_PROGRESS,33,1591229806
8206,708217,IN_PROGRESS,33,1591229806
8242,556083,DELIVERED,14,1591229842
8242,690471,UNASSIGNED,-1,1591229842
8243,690471,ASSIGNED,45,1591229843
8250,924313,DELIVERED,26,1591229850
8335,637872,DELIVERED,11,1591229935
8370,201703,DELIVERED,30,1591229970
8404,242878,IN_PROGRESS,19,1591230004
8408,298172,DELIVERED,7,1591230008
8442,758712,IN_PROGRESS,8,1591230042
8442,963201,IN_PROGRESS,8,1591230042
8508,985550,IN_PROGRESS,34,1591230108
8529,424583,IN_PROGRESS,47,1591230129
8540,761045,UNASSIGNED,-1,1591230140
8541,761045,ASSIGNED,36,1591230141
8606,507178,DELIVERED,49,1591230206
8710,422286,UNASSIGNED,-1,1591230310
8711,422286,ASSIGNED,43,1591230311
8780,365380,DELIVERED,26,1591230380
8787,923729,UNASSIGNED,-1,1591230387
8788,923729,ASSIGNED,36,1591230388
8787,487114,UNASSIGNED,-1,1591230387
8788,487114,ASSIGNED,36,1591230388
8865,603718,DELIVERED,41,1591230465
8924,104619,IN_PROGRESS,9,1591230524
8982,549448,IN_PROGRESS,7,1591230582
9016,574177,IN_PROGRESS,15,1591230616
9201,966210,DELIVERED,30,1591230801
9201,488958,UNASSIGNED,-1,1591230801
9202,488958,ASSIGNED,26,1591230802
9219,218713,DELIVERED,18,1591230819
9275,432165,IN_PROGRESS,16,1591230875
9275,575208,DELIVERED,16,1591230875
9299,242878,DELIVERED,19,1591230899
9299,430623,DELIVERED,19,1591230899
9310,989579,IN_PROGRESS,28,1591230910
9310,33525,DELIVERED,28,1591230910
9345,571750,IN_PROGRESS,10,1591230945
9383,737391,IN_PROGRESS,14,1591230983
9383,438096,DELIVERED,14,1591230983
9391,14052,IN_PROGRESS,43,1591230991
9391,440451,DELIVERED,43,1591230991
9395,754499,IN_PROGRESS,41,1591230995
9396,593659,IN_PROGRESS,11,1591230996
9396,116446,IN_PROGRESS,11,1591230996
9455,310779,DELIVERED,36,1591231055
9475,428005,DELIVERED,49,1591231075
9486,488012,DELIVERED,33,1591231086
9494,17969,UNASSIGNED,-1,1591231094
9495,17969,ASSIGNED,26,1591231095
9535,441388,DELIVERED,5,1591231135
9627,513998,IN_PROGRESS,27,1591231227
9627,336386,IN_PROGRESS,27,1591231227
9627,964865,IN_PROGRESS,27,1591231227
9627,960694,IN_PROGRESS,27,1591231227
9667,70086,IN_PROGRESS,40,1591231267
9667,714452,IN_PROGRESS,40,1591231267
9720,635902,UNASSIGNED,-1,1591231320
9721,635902,ASSIGNED,14,1591231321
9754,549448,DELIVERED,7,1591231354
9759,105337,UNASSIGNED,-1,1591231359
9760,105337,ASSIGNED,14,1591231360
9796,488958,IN_PROGRESS,26,1591231396
9884,355443,IN_PROGRESS,30,1591231484
9900,840530,UNASSIGNED,-1,1591231500
9901,840530,ASSIGNED,7,1591231501
9925,375970,DELIVERED,6,1591231525
9969,624348,DELIVERED,50,1591231569
10037,339618,IN_PROGRESS,36,1591231637
10059,638538,DELIVERED,33,1591231659
10130,614704,UNASSIGNED,-1,1591231730
10131,614704,ASSIGNED,46,1591231731
10253,959775,DELIVERED,24,1591231853
10253,641650,UNASSIGNED,-1,1591231853
10254,641650,ASSIGNED,50,1591231854
10367,774178,DELIVERED,5,1591231967
10395,690471,IN_PROGRESS,45,1591231995
10400,455499,UNASSIGNED,-1,1591232000
10401,455499,ASSIGNED,19,1591232001
10479,424583,DELIVERED,47,1591232079
10479,45277,DELIVERED,47,1591232079
10539,181998,UNASSIGNED,-1,1591232139
10540,181998,ASSIGNED,19,1591232140
10580,509003,UNASSIGNED,-1,1591232180
10581,509003,ASSIGNED,4,1591232181
10580,797084,UNASSIGNED,-1,1591232180
10581,797084,ASSIGNED,46,1591232181
10591,608445,DELIVERED,33,1591232191
10595,437744,IN_PROGRESS,11,1591232195
10595,421202,IN_PROGRESS,11,1591232195
10619,455499,IN_PROGRESS,19,1591232219
10637,951104,IN_PROGRESS,5,1591232237
10637,266634,IN_PROGRESS,5,1591232237
10691,268753,DELIVERED,49,1591232291
10699,624074,IN_PROGRESS,14,1591232299
10699,105337,IN_PROGRESS,14,1591232299
10699,635902,IN_PROGRESS,14,1591232299
10699,737391,DELIVERED,14,1591232299
10730,509003,IN_PROGRESS,4,1591232330
10760,68623,UNASSIGNED,-1,1591232360
10761,68623,ASSIGNED,50,1591232361
10782,840530,IN_PROGRESS,7,1591232382
10813,70547,IN_PROGRESS,8,1591232413
10813,963201,DELIVERED,8,1591232413
10868,339618,DELIVERED,36,1591232468
10880,707581,UNASSIGNED,-1,1591232480
10881,707581,ASSIGNED,22,1591232481
10894,714452,DELIVERED,40,1591232494
10911,754499,DELIVERED,41,1591232511
10950,422286,IN_PROGRESS,43,1591232550
10980,920148,UNASSIGNED,-1,1591232580
10981,920148,ASSIGNED,10,1591232581
10995,83685,UNASSIGNED,-1,1591232595
10996,83685,ASSIGNED,18,1591232596
11002,17969,IN_PROGRESS,26,1591232602
11012,571750,DELIVERED,10,1591232612
11065,723931,DELIVERED,6,1591232665
11065,796523,UNASSIGNED,-1,1591232665
11066,796523,ASSIGNED,4,1591232666
11122,708217,DELIVERED,33,1591232722
11234,641650,IN_PROGRESS,50,1591232834
11234,374954,DELIVERED,50,1591232834
11380,181998,IN_PROGRESS,19,1591232980
11427,70086,DELIVERED,40,1591233027
11452,960694,DELIVERED,27,1591233052
11452,105337,DELIVERED,14,1591233052
11465,178983,IN_PROGRESS,47,1591233065
11465,282006,DELIVERED,41,1591233065
11566,920148,IN_PROGRESS,10,1591233166
11566,476601,DELIVERED,10,1591233166
11606,157063,IN_PROGRESS,30,1591233206
11606,712519,IN_PROGRESS,30,1591233206
11606,96676,IN_PROGRESS,30,1591233206
11687,614704,IN_PROGRESS,46,1591233287
11729,313733,IN_PROGRESS,49,1591233329
11858,574177,DELIVERED,15,1591233458
11872,70547,DELIVERED,8,1591233472
11872,758712,DELIVERED,8,1591233472
11900,178983,DELIVERED,47,1591233500
11931,989579,DELIVERED,28,1591233531
11932,543930,IN_PROGRESS,33,1591233532
11932,862668,IN_PROGRESS,33,1591233532
11932,414285,IN_PROGRESS,33,1591233532
11932,850212,IN_PROGRESS,33,1591233532
11961,14052,DELIVERED,43,1591233561
11961,422286,DELIVERED,43,1591233561
11986,226380,IN_PROGRESS,40,1591233586
12012,68623,IN_PROGRESS,50,1591233612
12052,690471,DELIVERED,45,1591233652
12120,267693,UNASSIGNED,-1,1591233720
12121,267693,ASSIGNED,34,1591233721
12198,797084,IN_PROGRESS,46,1591233798
12385,905994,UNASSIGNED,-1,1591233985
12386,905994,ASSIGNED,10,1591233986
12395,964865,DELIVERED,27,1591233995
12395,523745,UNASSIGNED,-1,1591233995
12396,523745,ASSIGNED,27,1591233996
12413,432165,DELIVERED,16,1591234013
12438,928153,DELIVERED,21,1591234038
12472,840530,DELIVERED,7,1591234072
12524,889684,DELIVERED,9,1591234124
12542,951104,DELIVERED,5,1591234142
12588,163418,UNASSIGNED,-1,1591234188
12589,163418,ASSIGNED,8,1591234189
12627,796523,IN_PROGRESS,4,1591234227
12725,1908,UNASSIGNED,-1,1591234325
12726,1908,ASSIGNED,30,1591234326
12784,780913,DELIVERED,35,1591234384
12854,236043,DELIVERED,45,1591234454
12861,400901,UNASSIGNED,-1,1591234461
12862,400901,ASSIGNED,16,1591234462
12879,756034,IN_PROGRESS,49,1591234479
12879,257957,IN_PROGRESS,49,1591234479
12900,709275,UNASSIGNED,-1,1591234500
12901,709275,ASSIGNED,16,1591234501
12959,513998,DELIVERED,27,1591234559
12978,83685,IN_PROGRESS,18,1591234578
13080,507286,UNASSIGNED,-1,1591234680
13081,507286,ASSIGNED,24,1591234681
13085,616564,IN_PROGRESS,40,1591234685
13085,275111,IN_PROGRESS,40,1591234685
13085,555814,IN_PROGRESS,40,1591234685
13253,507286,IN_PROGRESS,24,1591234853
13285,317412,UNASSIGNED,-1,1591234885
13286,317412,ASSIGNED,14,1591234886
13397,405939,IN_PROGRESS,36,1591234997
13397,785814,IN_PROGRESS,36,1591234997
13397,453299,IN_PROGRESS,36,1591234997
13400,400901,IN_PROGRESS,16,1591235000
13476,414285,DELIVERED,33,1591235076
13492,17969,DELIVERED,26,1591235092
13511,358820,IN_PROGRESS,7,1591235111
13511,590801,IN_PROGRESS,7,1591235111
13511,18230,IN_PROGRESS,7,1591235111
13511,366148,IN_PROGRESS,7,1591235111
13527,181998,DELIVERED,19,1591235127
13585,318944,UNASSIGNED,-1,1591235185
13586,318944,ASSIGNED,21,1591235186
13653,523745,IN_PROGRESS,27,1591235253
13653,336386,DELIVERED,27,1591235253
13800,905994,IN_PROGRESS,10,1591235400
13818,318944,IN_PROGRESS,21,1591235418
14038,68623,DELIVERED,50,1591235638
14105,327336,UNASSIGNED,-1,1591235705
14106,327336,ASSIGNED,21,1591235706
14146,823648,IN_PROGRESS,33,1591235746
14175,756034,DELIVERED,49,1591235775
14219,938268,IN_PROGRESS,35,1591235819
14225,965210,UNASSIGNED,-1,1591235825
14226,965210,ASSIGNED,15,1591235826
14239,507286,DELIVERED,24,1591235839
14292,801539,DELIVERED,45,1591235892
14401,317412,IN_PROGRESS,14,1591236001
14405,410125,UNASSIGNED,-1,1591236005
14406,410125,ASSIGNED,40,1591236006
14512,797084,DELIVERED,46,1591236112
14571,945581,DELIVERED,5,1591236171
14571,266634,DELIVERED,5,1591236171
14571,506497,DELIVERED,5,1591236171
14581,796523,DELIVERED,4,1591236181
14651,151797,DELIVERED,15,1591236251
14668,163418,IN_PROGRESS,8,1591236268
14702,905994,DELIVERED,10,1591236302
14725,156802,UNASSIGNED,-1,1591236325
14726,156802,ASSIGNED,15,1591236326
14901,323044,UNASSIGNED,-1,1591236501
14902,323044,ASSIGNED,47,1591236502
14930,488958,DELIVERED,26,1591236530
15080,614704,DELIVERED,46,1591236680
15181,965210,IN_PROGRESS,15,1591236781
15192,509003,DELIVERED,4,1591236792
15251,707581,IN_PROGRESS,22,1591236851
15300,177802,IN_PROGRESS,9,1591236900
15411,588568,UNASSIGNED,-1,1591237011
15412,588568,ASSIGNED,41,1591237012
15471,117349,UNASSIGNED,-1,1591237071
15472,117349,ASSIGNED,37,1591237072
15564,641650,DELIVERED,50,1591237164
15711,117349,IN_PROGRESS,37,1591237311
15768,397634,UNASSIGNED,-1,1591237368
15769,397634,ASSIGNED,27,1591237369
15810,373379,UNASSIGNED,-1,1591237410
15811,373379,ASSIGNED,34,1591237411
15912,174584,UNASSIGNED,-1,1591237512
15913,174584,ASSIGNED,34,1591237513
16009,964757,IN_PROGRESS,49,1591237609
16260,483458,UNASSIGNED,-1,1591237860
16261,483458,ASSIGNED,37,1591237861
16270,588568,IN_PROGRESS,41,1591237870
16351,709275,IN_PROGRESS,16,1591237951
16659,323044,IN_PROGRESS,47,1591238259
16705,463466,UNASSIGNED,-1,1591238305
16706,463466,ASSIGNED,7,1591238306
16971,483458,IN_PROGRESS,37,1591238571
17055,588568,DELIVERED,41,1591238655
17074,810457,DELIVERED,35,1591238674
17074,938268,DELIVERED,35,1591238674
17160,342073,UNASSIGNED,-1,1591238760
17161,342073,ASSIGNED,9,1591238761
17366,709275,DELIVERED,16,1591238966
17486,985550,DELIVERED,34,1591239086
17540,491666,UNASSIGNED,-1,1591239140
17541,491666,ASSIGNED,33,1591239141
17725,391945,UNASSIGNED,-1,1591239325
17726,391945,ASSIGNED,9,1591239326
17751,920148,DELIVERED,10,1591239351
17760,141957,UNASSIGNED,-1,1591239360
17761,141957,ASSIGNED,15,1591239361
17922,397634,IN_PROGRESS,27,1591239522
18032,276746,DELIVERED,35,1591239632
18032,663650,UNASSIGNED,-1,1591239632
18033,663650,ASSIGNED,21,1591239633
18097,480850,DELIVERED,34,1591239697
18097,577114,DELIVERED,34,1591239697
18127,400901,DELIVERED,16,1591239727
18194,327336,IN_PROGRESS,21,1591239794
18194,318944,DELIVERED,21,1591239794
18215,483458,DELIVERED,37,1591239815
18262,257957,DELIVERED,49,1591239862
18262,964757,DELIVERED,49,1591239862
18309,342073,IN_PROGRESS,9,1591239909
18309,391945,IN_PROGRESS,9,1591239909
18309,104619,DELIVERED,9,1591239909
18309,177802,DELIVERED,9,1591239909
18325,358878,UNASSIGNED,-1,1591239925
18326,358878,ASSIGNED,15,1591239926
18565,624004,UNASSIGNED,-1,1591240165
18566,624004,ASSIGNED,15,1591240166
18684,163418,DELIVERED,8,1591240284
18708,267693,IN_PROGRESS,34,1591240308
18708,914881,DELIVERED,34,1591240308
18768,994870,UNASSIGNED,-1,1591240368
18769,994870,ASSIGNED,36,1591240369
18855,748495,UNASSIGNED,-1,1591240455
18856,748495,ASSIGNED,21,1591240456
19186,437744,DELIVERED,11,1591240786
19186,83685,DELIVERED,18,1591240786
19327,790137,UNASSIGNED,-1,1591240927
19328,790137,ASSIGNED,28,1591240928
19338,313733,DELIVERED,49,1591240938
19347,391945,DELIVERED,9,1591240947
19402,663650,IN_PROGRESS,21,1591241002
19402,327336,DELIVERED,21,1591241002
19460,667935,UNASSIGNED,-1,1591241060
19461,667935,ASSIGNED,37,1591241061
19491,790137,IN_PROGRESS,28,1591241091
19525,414373,UNASSIGNED,-1,1591241125
19526,414373,ASSIGNED,7,1591241126
19585,945117,UNASSIGNED,-1,1591241185
19586,945117,ASSIGNED,6,1591241186
19646,582469,DELIVERED,35,1591241246
19701,936970,UNASSIGNED,-1,1591241301
19702,936970,ASSIGNED,41,1591241302
19766,397425,UNASSIGNED,-1,1591241366
19767,397425,ASSIGNED,18,1591241367
19773,346445,DELIVERED,49,1591241373
19773,175201,UNASSIGNED,-1,1591241373
19774,175201,ASSIGNED,8,1591241374
19825,945117,IN_PROGRESS,6,1591241425
19931,663650,DELIVERED,21,1591241531
19969,342073,DELIVERED,9,1591241569
20211,926096,UNASSIGNED,-1,1591241811
20212,926096,ASSIGNED,41,1591241812
20323,936970,IN_PROGRESS,41,1591241923
20360,267693,DELIVERED,34,1591241960
20391,8793,UNASSIGNED,-1,1591241991
20392,8793,ASSIGNED,6,1591241992
20433,874019,UNASSIGNED,-1,1591242033
20434,874019,ASSIGNED,21,1591242034
20458,175201,IN_PROGRESS,8,1591242058
20479,712519,DELIVERED,30,1591242079
20565,397425,IN_PROGRESS,18,1591242165
20571,491674,UNASSIGNED,-1,1591242171
20572,491674,ASSIGNED,8,1591242172
20596,397634,DELIVERED,27,1591242196
20606,331717,UNASSIGNED,-1,1591242206
20607,331717,ASSIGNED,46,1591242207
20724,149107,UNASSIGNED,-1,1591242324
20725,149107,ASSIGNED,4,1591242325
20780,331717,IN_PROGRESS,46,1591242380
20793,148234,UNASSIGNED,-1,1591242393
20794,148234,ASSIGNED,41,1591242394
20840,359336,UNASSIGNED,-1,1591242440
20841,359336,ASSIGNED,46,1591242441
20892,373379,IN_PROGRESS,34,1591242492
20952,371182,IN_PROGRESS,11,1591242552
21052,763401,UNASSIGNED,-1,1591242652
21053,763401,ASSIGNED,47,1591242653
21111,390897,UNASSIGNED,-1,1591242711
21112,390897,ASSIGNED,47,1591242712
21145,96676,DELIVERED,30,1591242745
21164,790137,DELIVERED,28,1591242764
21285,323044,DELIVERED,47,1591242885
21285,904183,UNASSIGNED,-1,1591242885
21286,904183,ASSIGNED,19,1591242886
21382,149107,IN_PROGRESS,4,1591242982
21612,450654,UNASSIGNED,-1,1591243212
21613,450654,ASSIGNED,6,1591243213
21670,336569,UNASSIGNED,-1,1591243270
21671,336569,ASSIGNED,37,1591243271
21879,874019,IN_PROGRESS,21,1591243479
21986,354462,UNASSIGNED,-1,1591243586
21987,354462,ASSIGNED,47,1591243587
22190,413740,UNASSIGNED,-1,1591243790
22191,413740,ASSIGNED,5,1591243791
22286,496808,UNASSIGNED,-1,1591243886
22287,496808,ASSIGNED,10,1591243887
22319,157063,DELIVERED,30,1591243919
22351,523745,DELIVERED,27,1591243951
22646,571087,UNASSIGNED,-1,1591244246
22647,571087,ASSIGNED,46,1591244247
22803,616563,UNASSIGNED,-1,1591244403
22804,616563,ASSIGNED,43,1591244404
22941,1908,IN_PROGRESS,30,1591244541
22949,405939,DELIVERED,36,1591244549
22949,175201,DELIVERED,8,1591244549
22990,519789,UNASSIGNED,-1,1591244590
22991,519789,ASSIGNED,4,1591244591
23094,874019,DELIVERED,21,1591244694
23113,397425,DELIVERED,18,1591244713
23193,177631,UNASSIGNED,-1,1591244793
23194,177631,ASSIGNED,33,1591244794
23206,590801,DELIVERED,7,1591244806
23206,455499,DELIVERED,19,1591244806
23313,48399,UNASSIGNED,-1,1591244913
23314,48399,ASSIGNED,8,1591244914
23379,748495,IN_PROGRESS,21,1591244979
23420,620064,UNASSIGNED,-1,1591245020
23421,620064,ASSIGNED,37,1591245021
23481,491674,IN_PROGRESS,8,1591245081
23619,648002,IN_PROGRESS,36,1591245219
23656,371182,DELIVERED,11,1591245256
23896,616564,DELIVERED,40,1591245496
23900,712747,UNASSIGNED,-1,1591245500
23901,712747,ASSIGNED,46,1591245501
23929,411689,UNASSIGNED,-1,1591245529
23930,411689,ASSIGNED,47,1591245530
24094,823648,DELIVERED,33,1591245694
24209,174584,IN_PROGRESS,34,1591245809
24209,9275,UNASSIGNED,-1,1591245809
24210,9275,ASSIGNED,8,1591245810
24214,491666,IN_PROGRESS,33,1591245814
24393,231304,UNASSIGNED,-1,1591245993
24394,231304,ASSIGNED,19,1591245994
24430,702298,UNASSIGNED,-1,1591246030
24431,702298,ASSIGNED,18,1591246031
24547,410125,IN_PROGRESS,40,1591246147
24742,355443,DELIVERED,30,1591246342
24742,1908,DELIVERED,30,1591246342
24753,463466,IN_PROGRESS,7,1591246353
24779,923729,IN_PROGRESS,36,1591246379
24970,174584,DELIVERED,34,1591246570
25042,680904,UNASSIGNED,-1,1591246642
25043,680904,ASSIGNED,34,1591246643
25251,680904,IN_PROGRESS,34,1591246851
25270,421202,DELIVERED,11,1591246870
25369,497912,UNASSIGNED,-1,1591246969
25370,497912,ASSIGNED,50,1591246970
25489,585909,UNASSIGNED,-1,1591247089
25490,585909,ASSIGNED,10,1591247090
25690,568490,UNASSIGNED,-1,1591247290
25691,568490,ASSIGNED,6,1591247291
25826,6528,UNASSIGNED,-1,1591247426
25827,6528,ASSIGNED,40,1591247427
25886,554146,UNASSIGNED,-1,1591247486
25887,554146,ASSIGNED,14,1591247487
25930,516007,UNASSIGNED,-1,1591247530
25931,516007,ASSIGNED,10,1591247531
26062,258683,UNASSIGNED,-1,1591247662
26063,258683,ASSIGNED,18,1591247663
26089,55738,UNASSIGNED,-1,1591247689
26090,55738,ASSIGNED,50,1591247690
26123,680904,DELIVERED,34,1591247723
26166,593659,DELIVERED,11,1591247766
26166,116446,DELIVERED,11,1591247766
26269,353098,UNASSIGNED,-1,1591247869
26270,353098,ASSIGNED,50,1591247870
26606,948106,UNASSIGNED,-1,1591248206
26607,948106,ASSIGNED,9,1591248207
26620,373379,DELIVERED,34,1591248220
26740,818883,UNASSIGNED,-1,1591248340
26741,818883,ASSIGNED,46,1591248341
26770,110567,UNASSIGNED,-1,1591248370
26771,110567,ASSIGNED,9,1591248371
26920,220530,UNASSIGNED,-1,1591248520
26921,220530,ASSIGNED,26,1591248521
26980,357185,UNASSIGNED,-1,1591248580
26981,357185,ASSIGNED,6,1591248581
27070,417496,UNASSIGNED,-1,1591248670
27071,417496,ASSIGNED,36,1591248671
27132,104138,UNASSIGNED,-1,1591248732
27133,104138,ASSIGNED,24,1591248733
27246,298277,UNASSIGNED,-1,1591248846
27247,298277,ASSIGNED,28,1591248847
27340,293455,UNASSIGNED,-1,1591248940
27341,293455,ASSIGNED,28,1591248941
27566,733013,UNASSIGNED,-1,1591249166
27567,733013,ASSIGNED,43,1591249167
27580,631196,UNASSIGNED,-1,1591249180
27581,631196,ASSIGNED,43,1591249181
27626,203784,UNASSIGNED,-1,1591249226
27627,203784,ASSIGNED,26,1591249227
27626,144806,UNASSIGNED,-1,1591249226
27627,144806,ASSIGNED,14,1591249227
27866,736775,UNASSIGNED,-1,1591249466
27867,736775,ASSIGNED,6,1591249467
27929,555814,DELIVERED,40,1591249529
27929,410125,DELIVERED,40,1591249529
28000,772294,UNASSIGNED,-1,1591249600
28001,772294,ASSIGNED,4,1591249601
28005,923729,DELIVERED,36,1591249605
28300,876059,UNASSIGNED,-1,1591249900
28301,876059,ASSIGNED,4,1591249901
28360,722504,UNASSIGNED,-1,1591249960
28361,722504,ASSIGNED,50,1591249961
28390,727575,UNASSIGNED,-1,1591249990
28391,727575,ASSIGNED,48,1591249991
28420,96764,UNASSIGNED,-1,1591250020
28421,96764,ASSIGNED,23,1591250021
28766,660160,UNASSIGNED,-1,1591250366
28767,660160,ASSIGNED,43,1591250367
28780,340078,UNASSIGNED,-1,1591250380
28781,340078,ASSIGNED,48,1591250381
28829,648002,DELIVERED,36,1591250429
28840,946295,UNASSIGNED,-1,1591250440
28841,946295,ASSIGNED,26,1591250441
28870,941668,UNASSIGNED,-1,1591250470
28871,941668,ASSIGNED,28,1591250471
28887,6528,IN_PROGRESS,40,1591250487
28887,275111,DELIVERED,40,1591250487
28887,226380,DELIVERED,40,1591250487
29080,477479,UNASSIGNED,-1,1591250680
29081,477479,ASSIGNED,8,1591250681
29209,366148,DELIVERED,7,1591250809
29209,463466,DELIVERED,7,1591250809
29248,491666,DELIVERED,33,1591250848
29426,667371,UNASSIGNED,-1,1591251026
29427,667371,ASSIGNED,48,1591251027
29460,453299,DELIVERED,36,1591251060
29486,954711,UNASSIGNED,-1,1591251086
29487,954711,ASSIGNED,19,1591251087
29560,274177,UNASSIGNED,-1,1591251160
29561,274177,ASSIGNED,49,1591251161
29654,948106,IN_PROGRESS,9,1591251254
29666,550981,UNASSIGNED,-1,1591251266
29667,550981,ASSIGNED,49,1591251267
29844,6528,DELIVERED,40,1591251444
30027,862668,DELIVERED,33,1591251627
30040,450593,UNASSIGNED,-1,1591251640
30041,450593,ASSIGNED,49,1591251641
30198,110567,IN_PROGRESS,9,1591251798
30250,824428,UNASSIGNED,-1,1591251850
30251,824428,ASSIGNED,40,1591251851
30383,785814,DELIVERED,36,1591251983
30535,414373,IN_PROGRESS,7,1591252135
30610,362649,UNASSIGNED,-1,1591252210
30611,362649,ASSIGNED,4,1591252211
30760,645039,UNASSIGNED,-1,1591252360
30761,645039,ASSIGNED,1,1591252361
30806,543930,DELIVERED,33,1591252406
30880,201463,UNASSIGNED,-1,1591252480
30881,201463,ASSIGNED,10,1591252481
31120,824428,IN_PROGRESS,40,1591252720
31210,354162,UNASSIGNED,-1,1591252810
31211,354162,ASSIGNED,24,1591252811
31240,634465,UNASSIGNED,-1,1591252840
31241,634465,ASSIGNED,14,1591252841
31346,805872,UNASSIGNED,-1,1591252946
31347,805872,ASSIGNED,14,1591252947
31430,18230,DELIVERED,7,1591253030
31430,414373,DELIVERED,7,1591253030
31476,110567,DELIVERED,9,1591253076
31526,927826,UNASSIGNED,-1,1591253126
31527,927826,ASSIGNED,8,1591253127
31654,645039,IN_PROGRESS,1,1591253254
32006,911376,UNASSIGNED,-1,1591253606
32007,911376,ASSIGNED,10,1591253607
32160,850212,DELIVERED,33,1591253760
32306,313704,UNASSIGNED,-1,1591253906
32307,313704,ASSIGNED,24,1591253907
32325,358820,DELIVERED,7,1591253925
32586,30459,UNASSIGNED,-1,1591254186
32587,30459,ASSIGNED,37,1591254187
32590,559268,UNASSIGNED,-1,1591254190
32591,559268,ASSIGNED,15,1591254191
32805,359493,UNASSIGNED,-1,1591254405
32806,359493,ASSIGNED,36,1591254406
32830,493501,UNASSIGNED,-1,1591254430
32831,493501,ASSIGNED,46,1591254431
32830,607960,UNASSIGNED,-1,1591254430
32831,607960,ASSIGNED,19,1591254431
32865,170160,UNASSIGNED,-1,1591254465
32866,170160,ASSIGNED,1,1591254466
32950,68002,UNASSIGNED,-1,1591254550
32951,68002,ASSIGNED,24,1591254551
33045,292740,UNASSIGNED,-1,1591254645
33046,292740,ASSIGNED,26,1591254646
33165,839686,UNASSIGNED,-1,1591254765
33166,839686,ASSIGNED,48,1591254766
33220,592350,UNASSIGNED,-1,1591254820
33221,592350,ASSIGNED,41,1591254821
33376,177631,IN_PROGRESS,33,1591254976
33392,503109,IN_PROGRESS,36,1591254992
33800,970941,UNASSIGNED,-1,1591255400
33801,970941,ASSIGNED,48,1591255401
33966,967632,UNASSIGNED,-1,1591255566
33967,967632,ASSIGNED,14,1591255567
34120,736338,UNASSIGNED,-1,1591255720
34121,736338,ASSIGNED,33,1591255721
34204,645039,DELIVERED,1,1591255804
34210,675379,UNASSIGNED,-1,1591255810
34211,675379,ASSIGNED,10,1591255811
34220,697976,UNASSIGNED,-1,1591255820
34221,697976,ASSIGNED,48,1591255821
34702,767738,UNASSIGNED,-1,1591256302
34703,767738,ASSIGNED,14,1591256303
34810,477925,UNASSIGNED,-1,1591256410
34811,477925,ASSIGNED,45,1591256411
34841,824428,DELIVERED,40,1591256441
35035,170160,IN_PROGRESS,1,1591256635
35151,96764,IN_PROGRESS,23,1591256751
35155,736338,IN_PROGRESS,33,1591256755
35155,177631,DELIVERED,33,1591256755
35362,298662,UNASSIGNED,-1,1591256962
35363,298662,ASSIGNED,19,1591256963
35410,558474,UNASSIGNED,-1,1591257010
35411,558474,ASSIGNED,33,1591257011
35782,406052,UNASSIGNED,-1,1591257382
35783,406052,ASSIGNED,9,1591257383
35782,632193,UNASSIGNED,-1,1591257382
35783,632193,ASSIGNED,2,1591257383
35850,558474,IN_PROGRESS,33,1591257450
35850,736338,DELIVERED,33,1591257450
35865,539681,UNASSIGNED,-1,1591257465
35866,539681,ASSIGNED,9,1591257466
35950,378764,UNASSIGNED,-1,1591257550
35951,378764,ASSIGNED,33,1591257551
36070,73704,UNASSIGNED,-1,1591257670
36071,73704,ASSIGNED,21,1591257671
36184,632193,IN_PROGRESS,2,1591257784
36225,378764,IN_PROGRESS,33,1591257825
36285,231878,UNASSIGNED,-1,1591257885
36286,231878,ASSIGNED,2,1591257886
36310,43777,UNASSIGNED,-1,1591257910
36311,43777,ASSIGNED,19,1591257911
36330,337305,UNASSIGNED,-1,1591257930
36331,337305,ASSIGNED,36,1591257931
36341,151894,UNASSIGNED,-1,1591257941
36342,151894,ASSIGNED,14,1591257942
36779,378764,DELIVERED,33,1591258379
36825,107043,UNASSIGNED,-1,1591258425
36826,107043,ASSIGNED,24,1591258426
36970,711269,UNASSIGNED,-1,1591258570
36971,711269,ASSIGNED,8,1591258571
37065,146972,UNASSIGNED,-1,1591258665
37066,146972,ASSIGNED,5,1591258666
37144,503109,DELIVERED,36,1591258744
37185,281340,UNASSIGNED,-1,1591258785
37186,281340,ASSIGNED,14,1591258786
37204,170160,DELIVERED,1,1591258804
37390,558474,DELIVERED,33,1591258990
37690,372430,UNASSIGNED,-1,1591259290
37691,372430,ASSIGNED,1,1591259291
37864,372430,IN_PROGRESS,1,1591259464
37882,102050,UNASSIGNED,-1,1591259482
37883,102050,ASSIGNED,49,1591259483
37905,822299,UNASSIGNED,-1,1591259505
37906,822299,ASSIGNED,50,1591259506
38273,96764,DELIVERED,23,1591259873
38331,231878,IN_PROGRESS,2,1591259931
38420,666757,UNASSIGNED,-1,1591260020
38421,666757,ASSIGNED,23,1591260021
38530,296762,UNASSIGNED,-1,1591260130
38531,296762,ASSIGNED,49,1591260131
39119,666757,IN_PROGRESS,23,1591260719
39119,26820,UNASSIGNED,-1,1591260719
39120,26820,ASSIGNED,1,1591260720
39200,663985,UNASSIGNED,-1,1591260800
39201,663985,ASSIGNED,26,1591260801
39405,560470,UNASSIGNED,-1,1591261005
39406,560470,ASSIGNED,46,1591261006
39740,80455,UNASSIGNED,-1,1591261340
39741,80455,ASSIGNED,46,1591261341
39860,807501,UNASSIGNED,-1,1591261460
39861,807501,ASSIGNED,23,1591261461
40125,170493,UNASSIGNED,-1,1591261725
40126,170493,ASSIGNED,15,1591261726
40125,796806,UNASSIGNED,-1,1591261725
40126,796806,ASSIGNED,50,1591261726
40220,190217,UNASSIGNED,-1,1591261820
40221,190217,ASSIGNED,5,1591261821
40431,26820,IN_PROGRESS,1,1591262031
40605,42164,UNASSIGNED,-1,1591262205
40606,42164,ASSIGNED,19,1591262206
40739,231878,DELIVERED,2,1591262339
40888,807501,IN_PROGRESS,23,1591262488
40888,938159,UNASSIGNED,-1,1591262488
40889,938159,ASSIGNED,2,1591262489
40888,377654,UNASSIGNED,-1,1591262488
40889,377654,ASSIGNED,17,1591262489
40928,26820,DELIVERED,1,1591262528
40928,372430,DELIVERED,1,1591262528
41060,70882,UNASSIGNED,-1,1591262660
41061,70882,ASSIGNED,15,1591262661
41060,6585,UNASSIGNED,-1,1591262660
41061,6585,ASSIGNED,12,1591262661
41110,894315,UNASSIGNED,-1,1591262710
41111,894315,ASSIGNED,17,1591262711
41290,54975,UNASSIGNED,-1,1591262890
41291,54975,ASSIGNED,50,1591262891
41360,959251,UNASSIGNED,-1,1591262960
41361,959251,ASSIGNED,41,1591262961
41410,135918,UNASSIGNED,-1,1591263010
41411,135918,ASSIGNED,16,1591263011
41480,599635,UNASSIGNED,-1,1591263080
41481,599635,ASSIGNED,16,1591263081
41696,6585,IN_PROGRESS,12,1591263296
41716,377654,IN_PROGRESS,17,1591263316
41780,991974,UNASSIGNED,-1,1591263380
41781,991974,ASSIGNED,9,1591263381
42260,837978,UNASSIGNED,-1,1591263860
42261,837978,ASSIGNED,41,1591263861
42380,519674,UNASSIGNED,-1,1591263980
42381,519674,ASSIGNED,9,1591263981
42554,45953,IN_PROGRESS,36,1591264154
42740,152706,UNASSIGNED,-1,1591264340
42741,152706,ASSIGNED,5,1591264341
42920,158277,UNASSIGNED,-1,1591264520
42921,158277,ASSIGNED,9,1591264521
43090,262574,UNASSIGNED,-1,1591264690
43091,262574,ASSIGNED,21,1591264691
43128,807501,DELIVERED,23,1591264728
43160,894315,IN_PROGRESS,17,1591264760
43160,443536,UNASSIGNED,-1,1591264760
43161,443536,ASSIGNED,8,1591264761
43460,370371,UNASSIGNED,-1,1591265060
43461,370371,ASSIGNED,8,1591265061
43940,861153,UNASSIGNED,-1,1591265540
43941,861153,ASSIGNED,12,1591265541
44193,666757,DELIVERED,23,1591265793
44290,447245,UNASSIGNED,-1,1591265890
44291,447245,ASSIGNED,26,1591265891
44613,954232,UNASSIGNED,-1,1591266213
44614,954232,ASSIGNED,15,1591266214
44617,938159,IN_PROGRESS,2,1591266217
44688,894315,DELIVERED,17,1591266288
44733,719716,UNASSIGNED,-1,1591266333
44734,719716,ASSIGNED,26,1591266334
44853,479231,UNASSIGNED,-1,1591266453
44854,479231,ASSIGNED,49,1591266454
45190,484152,UNASSIGNED,-1,1591266790
45191,484152,ASSIGNED,17,1591266791
45213,888767,UNASSIGNED,-1,1591266813
45214,888767,ASSIGNED,24,1591266814
45333,998458,UNASSIGNED,-1,1591266933
45334,998458,ASSIGNED,50,1591266934
45393,115067,UNASSIGNED,-1,1591266993
45394,115067,ASSIGNED,17,1591266994
45813,783305,UNASSIGNED,-1,1591267413
45814,783305,ASSIGNED,19,1591267414
45963,484152,IN_PROGRESS,17,1591267563
45963,377654,DELIVERED,17,1591267563
46353,122860,UNASSIGNED,-1,1591267953
46354,122860,ASSIGNED,50,1591267954
46473,546607,UNASSIGNED,-1,1591268073
46474,546607,ASSIGNED,27,1591268074
46531,115067,IN_PROGRESS,17,1591268131
47033,484152,DELIVERED,17,1591268633
47033,115067,DELIVERED,17,1591268633
47033,873491,UNASSIGNED,-1,1591268633
47034,873491,ASSIGNED,23,1591268634
47180,802919,UNASSIGNED,-1,1591268780
47181,802919,ASSIGNED,27,1591268781
47273,836989,UNASSIGNED,-1,1591268873
47274,836989,ASSIGNED,24,1591268874
47300,244765,UNASSIGNED,-1,1591268900
47301,244765,ASSIGNED,2,1591268901
47480,428345,UNASSIGNED,-1,1591269080
47481,428345,ASSIGNED,21,1591269081
47602,873491,IN_PROGRESS,23,1591269202
47710,757115,UNASSIGNED,-1,1591269310
47711,757115,ASSIGNED,23,1591269311
47780,955997,UNASSIGNED,-1,1591269380
47781,955997,ASSIGNED,1,1591269381
48200,313724,UNASSIGNED,-1,1591269800
48201,313724,ASSIGNED,12,1591269801
48320,757115,IN_PROGRESS,23,1591269920
48490,939821,UNASSIGNED,-1,1591270090
48491,939821,ASSIGNED,5,1591270091
48550,12079,UNASSIGNED,-1,1591270150
48551,12079,ASSIGNED,17,1591270151
48560,476816,UNASSIGNED,-1,1591270160
48561,476816,ASSIGNED,24,1591270161
49040,380057,UNASSIGNED,-1,1591270640
49041,380057,ASSIGNED,11,1591270641
49100,425742,UNASSIGNED,-1,1591270700
49101,425742,ASSIGNED,1,1591270701
49221,12079,IN_PROGRESS,17,1591270821
49400,341468,UNASSIGNED,-1,1591271000
49401,341468,ASSIGNED,17,1591271001
49520,503533,UNASSIGNED,-1,1591271120
49521,503533,ASSIGNED,5,1591271121
49912,341468,IN_PROGRESS,17,1591271512
49990,466279,UNASSIGNED,-1,1591271590
49991,466279,ASSIGNED,23,1591271591
50120,361307,UNASSIGNED,-1,1591271720
50121,361307,ASSIGNED,50,1591271721
50240,748855,UNASSIGNED,-1,1591271840
50241,748855,ASSIGNED,39,1591271841
50240,425508,UNASSIGNED,-1,1591271840
50241,425508,ASSIGNED,4,1591271841
50376,667935,IN_PROGRESS,37,1591271976
50376,117349,DELIVERED,37,1591271976
50660,5218,UNASSIGNED,-1,1591272260
50661,5218,ASSIGNED,2,1591272261
50768,748855,IN_PROGRESS,39,1591272368
50830,603028,UNASSIGNED,-1,1591272430
50831,603028,ASSIGNED,4,1591272431
50878,336569,IN_PROGRESS,37,1591272478
51070,343503,UNASSIGNED,-1,1591272670
51071,343503,ASSIGNED,39,1591272671
51130,870522,UNASSIGNED,-1,1591272730
51131,870522,ASSIGNED,19,1591272731
51260,509365,UNASSIGNED,-1,1591272860
51261,509365,ASSIGNED,35,1591272861
51320,528161,UNASSIGNED,-1,1591272920
51321,528161,ASSIGNED,24,1591272921
51357,466279,IN_PROGRESS,23,1591272957
51380,379255,UNASSIGNED,-1,1591272980
51381,379255,ASSIGNED,33,1591272981
51490,104138,IN_PROGRESS,24,1591273090
51906,343503,IN_PROGRESS,39,1591273506
52100,190009,UNASSIGNED,-1,1591273700
52101,190009,ASSIGNED,8,1591273701
52220,680345,UNASSIGNED,-1,1591273820
52221,680345,ASSIGNED,8,1591273821
52280,614431,UNASSIGNED,-1,1591273880
52281,614431,ASSIGNED,36,1591273881
52329,104138,DELIVERED,24,1591273929
52373,336569,DELIVERED,37,1591273973
52373,278697,UNASSIGNED,-1,1591273973
52374,278697,ASSIGNED,17,1591273974
52460,169481,UNASSIGNED,-1,1591274060
52461,169481,ASSIGNED,5,1591274061
52750,775670,UNASSIGNED,-1,1591274350
52751,775670,ASSIGNED,33,1591274351
52760,207792,UNASSIGNED,-1,1591274360
52761,207792,ASSIGNED,36,1591274361
52884,667935,DELIVERED,37,1591274484
52940,191049,UNASSIGNED,-1,1591274540
52941,191049,ASSIGNED,28,1591274541
53101,354162,IN_PROGRESS,24,1591274701
53110,829424,UNASSIGNED,-1,1591274710
53111,829424,ASSIGNED,17,1591274711
53290,727575,IN_PROGRESS,48,1591274890
53540,737917,UNASSIGNED,-1,1591275140
53541,737917,ASSIGNED,31,1591275141
53660,478649,UNASSIGNED,-1,1591275260
53661,478649,ASSIGNED,31,1591275261
53730,193866,UNASSIGNED,-1,1591275330
53731,193866,ASSIGNED,9,1591275331
53873,313704,IN_PROGRESS,24,1591275473
53896,343503,DELIVERED,39,1591275496
53900,22811,UNASSIGNED,-1,1591275500
53901,22811,ASSIGNED,28,1591275501
53995,620064,IN_PROGRESS,37,1591275595
54260,319659,UNASSIGNED,-1,1591275860
54261,319659,ASSIGNED,15,1591275861
54320,398921,UNASSIGNED,-1,1591275920
54321,398921,ASSIGNED,15,1591275921
54391,466279,DELIVERED,23,1591275991
54393,748855,DELIVERED,39,1591275993
54616,737917,IN_PROGRESS,31,1591276216
54873,184390,UNASSIGNED,-1,1591276473
54874,184390,ASSIGNED,9,1591276474
55233,807744,UNASSIGNED,-1,1591276833
55234,807744,ASSIGNED,40,1591276834
55419,478649,IN_PROGRESS,31,1591277019
55467,757115,DELIVERED,23,1591277067
55471,616563,IN_PROGRESS,43,1591277071
55501,620064,DELIVERED,37,1591277101
55820,65935,UNASSIGNED,-1,1591277420
55821,65935,ASSIGNED,15,1591277421
56136,667371,IN_PROGRESS,48,1591277736
56136,340078,IN_PROGRESS,48,1591277736
56170,563870,UNASSIGNED,-1,1591277770
56171,563870,ASSIGNED,40,1591277771
56307,68002,IN_PROGRESS,24,1591277907
56433,552156,UNASSIGNED,-1,1591278033
56434,552156,ASSIGNED,12,1591278034
56479,30459,IN_PROGRESS,37,1591278079
56493,960262,UNASSIGNED,-1,1591278093
56494,960262,ASSIGNED,11,1591278094
56809,68002,DELIVERED,24,1591278409
56829,873491,DELIVERED,23,1591278429
56890,218521,UNASSIGNED,-1,1591278490
56891,218521,ASSIGNED,11,1591278491
57167,8793,IN_PROGRESS,6,1591278767
57199,478649,DELIVERED,31,1591278799
57310,195387,UNASSIGNED,-1,1591278910
57311,195387,ASSIGNED,1,1591278911
57393,207688,UNASSIGNED,-1,1591278993
57394,207688,ASSIGNED,36,1591278994
57620,481578,UNASSIGNED,-1,1591279220
57621,481578,ASSIGNED,26,1591279221
57633,239472,UNASSIGNED,-1,1591279233
57634,239472,ASSIGNED,5,1591279234
57730,321575,UNASSIGNED,-1,1591279330
57731,321575,ASSIGNED,9,1591279331
57873,891093,UNASSIGNED,-1,1591279473
57874,891093,ASSIGNED,17,1591279474
58173,233147,UNASSIGNED,-1,1591279773
58174,233147,ASSIGNED,31,1591279774
58210,108649,UNASSIGNED,-1,1591279810
58211,108649,ASSIGNED,17,1591279811
58230,849532,UNASSIGNED,-1,1591279830
58231,849532,ASSIGNED,26,1591279831
58335,313704,DELIVERED,24,1591279935
58694,30459,DELIVERED,37,1591280294
58833,998496,UNASSIGNED,-1,1591280433
58834,998496,ASSIGNED,36,1591280434
58880,137625,UNASSIGNED,-1,1591280480
58881,137625,ASSIGNED,35,1591280481
58928,667371,DELIVERED,48,1591280528
59045,233147,IN_PROGRESS,31,1591280645
59045,737917,DELIVERED,31,1591280645
59120,325306,UNASSIGNED,-1,1591280720
59121,325306,ASSIGNED,17,1591280721
59120,18317,UNASSIGNED,-1,1591280720
59121,18317,ASSIGNED,14,1591280721
59133,77193,UNASSIGNED,-1,1591280733
59134,77193,ASSIGNED,49,1591280734
59373,143541,UNASSIGNED,-1,1591280973
59374,143541,ASSIGNED,31,1591280974
59449,8793,DELIVERED,6,1591281049
59450,733013,IN_PROGRESS,43,1591281050
59450,631196,IN_PROGRESS,43,1591281050
59450,616563,DELIVERED,43,1591281050
59967,354162,DELIVERED,24,1591281567
60060,340078,DELIVERED,48,1591281660
60080,709701,UNASSIGNED,-1,1591281680
60081,709701,ASSIGNED,26,1591281681
60260,311493,UNASSIGNED,-1,1591281860
60261,311493,ASSIGNED,27,1591281861
60346,450654,IN_PROGRESS,6,1591281946
60346,945117,DELIVERED,6,1591281946
60409,660160,IN_PROGRESS,43,1591282009
60440,774973,UNASSIGNED,-1,1591282040
60441,774973,ASSIGNED,1,1591282041
60500,107043,IN_PROGRESS,24,1591282100
60586,413740,IN_PROGRESS,5,1591282186
60671,839686,IN_PROGRESS,48,1591282271
60734,941342,UNASSIGNED,-1,1591282334
60735,941342,ASSIGNED,31,1591282335
61101,727575,DELIVERED,48,1591282701
61101,839686,DELIVERED,48,1591282701
61113,746884,UNASSIGNED,-1,1591282713
61114,746884,ASSIGNED,49,1591282714
61218,568490,IN_PROGRESS,6,1591282818
61297,660160,DELIVERED,43,1591282897
61353,711334,UNASSIGNED,-1,1591282953
61354,711334,ASSIGNED,27,1591282954
61473,93647,UNASSIGNED,-1,1591283073
61474,93647,ASSIGNED,27,1591283074
61653,816752,UNASSIGNED,-1,1591283253
61654,816752,ASSIGNED,27,1591283254
61894,697976,IN_PROGRESS,48,1591283494
61894,970941,IN_PROGRESS,48,1591283494
61934,94589,UNASSIGNED,-1,1591283534
61935,94589,ASSIGNED,3,1591283535
62099,631196,DELIVERED,43,1591283699
62120,220218,UNASSIGNED,-1,1591283720
62121,220218,ASSIGNED,14,1591283721
62300,874073,UNASSIGNED,-1,1591283900
62301,874073,ASSIGNED,18,1591283901
62746,763401,IN_PROGRESS,47,1591284346
62746,684876,UNASSIGNED,-1,1591284346
62747,684876,ASSIGNED,11,1591284347
63139,568490,DELIVERED,6,1591284739
63200,552628,UNASSIGNED,-1,1591284800
63201,552628,ASSIGNED,11,1591284801
63419,354462,IN_PROGRESS,47,1591285019
63419,390897,IN_PROGRESS,47,1591285019
63513,131338,UNASSIGNED,-1,1591285113
63514,131338,ASSIGNED,11,1591285114
63566,888767,IN_PROGRESS,24,1591285166
63566,107043,DELIVERED,24,1591285166
63566,803173,UNASSIGNED,-1,1591285166
63567,803173,ASSIGNED,35,1591285167
63614,281338,UNASSIGNED,-1,1591285214
63615,281338,ASSIGNED,8,1591285215
63813,129930,UNASSIGNED,-1,1591285413
63814,129930,ASSIGNED,16,1591285414
63882,298277,IN_PROGRESS,28,1591285482
63942,450654,DELIVERED,6,1591285542
63944,697976,DELIVERED,48,1591285544
64002,888767,DELIVERED,24,1591285602
64113,755515,UNASSIGNED,-1,1591285713
64114,755515,ASSIGNED,8,1591285714
64160,651304,UNASSIGNED,-1,1591285760
64161,651304,ASSIGNED,12,1591285761
64173,992515,UNASSIGNED,-1,1591285773
64174,992515,ASSIGNED,22,1591285774
64293,249308,UNASSIGNED,-1,1591285893
64294,249308,ASSIGNED,43,1591285894
64343,249308,IN_PROGRESS,43,1591285943
64343,733013,DELIVERED,43,1591285943
64410,357185,IN_PROGRESS,6,1591286010
64437,836989,IN_PROGRESS,24,1591286037
64473,478092,UNASSIGNED,-1,1591286073
64474,478092,ASSIGNED,49,1591286074
64533,361105,UNASSIGNED,-1,1591286133
64534,361105,ASSIGNED,50,1591286134
64533,122754,UNASSIGNED,-1,1591286133
64534,122754,ASSIGNED,16,1591286134
64593,581631,UNASSIGNED,-1,1591286193
64594,581631,ASSIGNED,36,1591286194
64667,293455,IN_PROGRESS,28,1591286267
64690,45576,UNASSIGNED,-1,1591286290
64691,45576,ASSIGNED,17,1591286291
64892,357185,DELIVERED,6,1591286492
65195,970941,DELIVERED,48,1591286795
65199,354462,DELIVERED,47,1591286799
65199,390897,DELIVERED,47,1591286799
65199,146972,IN_PROGRESS,5,1591286799
65199,413740,DELIVERED,5,1591286799
65240,977601,UNASSIGNED,-1,1591286840
65241,977601,ASSIGNED,16,1591286841
65535,836989,DELIVERED,24,1591287135
65720,410896,UNASSIGNED,-1,1591287320
65721,410896,ASSIGNED,17,1591287321
65794,736775,IN_PROGRESS,6,1591287394
65900,800988,UNASSIGNED,-1,1591287500
65901,800988,ASSIGNED,43,1591287501
65900,442629,UNASSIGNED,-1,1591287500
65901,442629,ASSIGNED,1,1591287501
65915,833565,UNASSIGNED,-1,1591287515
65916,833565,ASSIGNED,50,1591287516
65915,34438,UNASSIGNED,-1,1591287515
65916,34438,ASSIGNED,22,1591287516
66158,476816,IN_PROGRESS,24,1591287758
66215,888669,UNASSIGNED,-1,1591287815
66216,888669,ASSIGNED,8,1591287816
66260,279194,UNASSIGNED,-1,1591287860
66261,279194,ASSIGNED,40,1591287861
66409,519789,IN_PROGRESS,4,1591288009
66409,542600,UNASSIGNED,-1,1591288009
66410,542600,ASSIGNED,50,1591288010
66455,436555,UNASSIGNED,-1,1591288055
66456,436555,ASSIGNED,2,1591288056
66591,496808,IN_PROGRESS,10,1591288191
66630,411689,IN_PROGRESS,47,1591288230
66800,803718,UNASSIGNED,-1,1591288400
66801,803718,ASSIGNED,2,1591288401
66815,844584,UNASSIGNED,-1,1591288415
66816,844584,ASSIGNED,43,1591288416
66881,844584,IN_PROGRESS,43,1591288481
66881,800988,IN_PROGRESS,43,1591288481
66907,293455,DELIVERED,28,1591288507
66952,190217,IN_PROGRESS,5,1591288552
66952,146972,DELIVERED,5,1591288552
66975,519789,DELIVERED,4,1591288575
67100,483197,UNASSIGNED,-1,1591288700
67101,483197,ASSIGNED,16,1591288701
67135,528161,IN_PROGRESS,24,1591288735
67235,337493,UNASSIGNED,-1,1591288835
67236,337493,ASSIGNED,8,1591288836
67375,298277,DELIVERED,28,1591288975
67375,267857,UNASSIGNED,-1,1591288975
67376,267857,ASSIGNED,16,1591288976
67690,135918,IN_PROGRESS,16,1591289290
67760,482375,UNASSIGNED,-1,1591289360
67761,482375,ASSIGNED,40,1591289361
67843,941668,IN_PROGRESS,28,1591289443
68135,889820,UNASSIGNED,-1,1591289735
68136,889820,ASSIGNED,27,1591289736
68244,411689,DELIVERED,47,1591289844
68255,669998,UNASSIGNED,-1,1591289855
68256,669998,ASSIGNED,40,1591289856
68443,844584,DELIVERED,43,1591290043
68840,388006,UNASSIGNED,-1,1591290440
68841,388006,ASSIGNED,27,1591290441
68962,736775,DELIVERED,6,1591290562
69052,599635,IN_PROGRESS,16,1591290652
69052,221304,UNASSIGNED,-1,1591290652
69053,221304,ASSIGNED,22,1591290653
69117,763401,DELIVERED,47,1591290717
69214,149107,DELIVERED,4,1591290814
69490,220530,IN_PROGRESS,26,1591291090
69681,528161,DELIVERED,24,1591291281
69682,932244,UNASSIGNED,-1,1591291282
69683,932244,ASSIGNED,48,1591291283
69755,851987,UNASSIGNED,-1,1591291355
69756,851987,ASSIGNED,17,1591291356
69777,853650,UNASSIGNED,-1,1591291377
69778,853650,ASSIGNED,23,1591291378
69875,932244,IN_PROGRESS,48,1591291475
69963,941668,DELIVERED,28,1591291563
70016,772294,IN_PROGRESS,4,1591291616
70017,96912,UNASSIGNED,-1,1591291617
70018,96912,ASSIGNED,40,1591291618
70057,249308,DELIVERED,43,1591291657
70057,800988,DELIVERED,43,1591291657
70222,230767,UNASSIGNED,-1,1591291822
70223,230767,ASSIGNED,17,1591291823
70357,457175,UNASSIGNED,-1,1591291957
70358,457175,ASSIGNED,27,1591291958
70501,496808,DELIVERED,10,1591292101
70574,191049,IN_PROGRESS,28,1591292174
70754,572952,UNASSIGNED,-1,1591292354
70755,572952,ASSIGNED,18,1591292355
70795,876059,IN_PROGRESS,4,1591292395
70797,169293,UNASSIGNED,-1,1591292397
70798,169293,ASSIGNED,48,1591292398
70967,152706,IN_PROGRESS,5,1591292567
70967,190217,DELIVERED,5,1591292567
71062,939645,UNASSIGNED,-1,1591292662
71063,939645,ASSIGNED,2,1591292663
71110,864453,UNASSIGNED,-1,1591292710
71111,864453,ASSIGNED,2,1591292711
71207,476816,DELIVERED,24,1591292807
71290,546607,IN_PROGRESS,27,1591292890
71497,578080,UNASSIGNED,-1,1591293097
71498,578080,ASSIGNED,22,1591293098
71542,26784,UNASSIGNED,-1,1591293142
71543,26784,ASSIGNED,22,1591293143
72097,536925,UNASSIGNED,-1,1591293697
72098,536925,ASSIGNED,36,1591293698
72107,821067,UNASSIGNED,-1,1591293707
72108,821067,ASSIGNED,23,1591293708
72237,984325,UNASSIGNED,-1,1591293837
72238,984325,ASSIGNED,18,1591293838
72439,876059,DELIVERED,4,1591294039
72472,169293,IN_PROGRESS,48,1591294072
72717,585909,IN_PROGRESS,10,1591294317
72717,516007,IN_PROGRESS,10,1591294317
72777,677285,UNASSIGNED,-1,1591294377
72778,677285,ASSIGNED,30,1591294378
72862,468595,UNASSIGNED,-1,1591294462
72863,468595,ASSIGNED,39,1591294463
72937,779822,UNASSIGNED,-1,1591294537
72938,779822,ASSIGNED,30,1591294538
73028,599635,DELIVERED,16,1591294628
73060,203784,IN_PROGRESS,26,1591294660
73060,220530,DELIVERED,26,1591294660
73137,923170,UNASSIGNED,-1,1591294737
73138,923170,ASSIGNED,41,1591294738
73256,22811,IN_PROGRESS,28,1591294856
73357,11795,UNASSIGNED,-1,1591294957
73358,11795,ASSIGNED,18,1591294958
73375,939821,IN_PROGRESS,5,1591294975
73375,152706,DELIVERED,5,1591294975
73400,401587,UNASSIGNED,-1,1591295000
73401,401587,ASSIGNED,1,1591295001
73436,802919,IN_PROGRESS,27,1591295036
73510,442488,UNASSIGNED,-1,1591295110
73511,442488,ASSIGNED,1,1591295111
73522,182111,UNASSIGNED,-1,1591295122
73523,182111,ASSIGNED,1,1591295123
73522,941839,UNASSIGNED,-1,1591295122
73523,941839,ASSIGNED,11,1591295123
73754,946295,IN_PROGRESS,26,1591295354
73756,772294,DELIVERED,4,1591295356
73967,169293,DELIVERED,48,1591295567
74042,362649,IN_PROGRESS,4,1591295642
74128,317412,DELIVERED,14,1591295728
74128,609500,UNASSIGNED,-1,1591295728
74129,609500,ASSIGNED,23,1591295729
74128,224363,UNASSIGNED,-1,1591295728
74129,224363,ASSIGNED,1,1591295729
74277,564842,UNASSIGNED,-1,1591295877
74278,564842,ASSIGNED,30,1591295878
74661,932244,DELIVERED,48,1591296261
74757,951026,UNASSIGNED,-1,1591296357
74758,951026,ASSIGNED,23,1591296358
74782,135918,DELIVERED,16,1591296382
74795,554146,IN_PROGRESS,14,1591296395
74795,624074,DELIVERED,14,1591296395
74795,635902,DELIVERED,14,1591296395
74962,345832,UNASSIGNED,-1,1591296562
74963,345832,ASSIGNED,50,1591296563
74962,215401,UNASSIGNED,-1,1591296562
74963,215401,ASSIGNED,24,1591296563
75082,807137,UNASSIGNED,-1,1591296682
75083,807137,ASSIGNED,11,1591296683
75107,215401,IN_PROGRESS,24,1591296707
75217,162447,UNASSIGNED,-1,1591296817
75218,162447,ASSIGNED,22,1591296818
75250,946295,DELIVERED,26,1591296850
75250,203784,DELIVERED,26,1591296850
75265,585909,DELIVERED,10,1591296865
75265,516007,DELIVERED,10,1591296865
75265,18974,UNASSIGNED,-1,1591296865
75266,18974,ASSIGNED,33,1591296866
75277,366938,UNASSIGNED,-1,1591296877
75278,366938,ASSIGNED,11,1591296878
75297,696422,UNASSIGNED,-1,1591296897
75298,696422,ASSIGNED,42,1591296898
75313,129930,IN_PROGRESS,16,1591296913
75457,196461,UNASSIGNED,-1,1591297057
75458,196461,ASSIGNED,39,1591297058
75502,929240,UNASSIGNED,-1,1591297102
75503,929240,ASSIGNED,30,1591297103
75682,457068,UNASSIGNED,-1,1591297282
75683,457068,ASSIGNED,40,1591297283
75682,290053,UNASSIGNED,-1,1591297282
75683,290053,ASSIGNED,25,1591297283
75752,292740,IN_PROGRESS,26,1591297352
75837,49462,UNASSIGNED,-1,1591297437
75838,49462,ASSIGNED,25,1591297438
75843,977601,IN_PROGRESS,16,1591297443
75843,122754,IN_PROGRESS,16,1591297443
76017,712913,UNASSIGNED,-1,1591297617
76018,712913,ASSIGNED,50,1591297618
76044,201463,IN_PROGRESS,10,1591297644
76197,852623,UNASSIGNED,-1,1591297797
76198,852623,ASSIGNED,36,1591297798
76228,802919,DELIVERED,27,1591297828
76285,292740,DELIVERED,26,1591297885
76314,939821,DELIVERED,5,1591297914
76353,156802,IN_PROGRESS,15,1591297953
76524,144806,IN_PROGRESS,14,1591298124
76717,611333,UNASSIGNED,-1,1591298317
76718,611333,ASSIGNED,39,1591298318
76759,311493,IN_PROGRESS,27,1591298359
76759,546607,DELIVERED,27,1591298359
76777,346204,UNASSIGNED,-1,1591298377
76778,346204,ASSIGNED,9,1591298378
76846,911376,IN_PROGRESS,10,1591298446
76846,675379,IN_PROGRESS,10,1591298446
76907,965210,DELIVERED,15,1591298507
76907,156802,DELIVERED,15,1591298507
76942,503533,IN_PROGRESS,5,1591298542
76975,977601,DELIVERED,16,1591298575
77003,22811,DELIVERED,28,1591298603
77061,215401,DELIVERED,24,1591298661
77122,215285,UNASSIGNED,-1,1591298722
77123,215285,ASSIGNED,8,1591298723
77277,261380,UNASSIGNED,-1,1591298877
77278,261380,ASSIGNED,22,1591298878
77397,195900,UNASSIGNED,-1,1591298997
77398,195900,ASSIGNED,40,1591298998
77457,88616,UNASSIGNED,-1,1591299057
77458,88616,ASSIGNED,2,1591299058
77586,122754,DELIVERED,16,1591299186
77605,425508,IN_PROGRESS,4,1591299205
77605,362649,DELIVERED,4,1591299205
77692,141957,IN_PROGRESS,15,1591299292
77917,663985,IN_PROGRESS,26,1591299517
78101,711334,IN_PROGRESS,27,1591299701
78101,311493,DELIVERED,27,1591299701
78140,483197,IN_PROGRESS,16,1591299740
78140,129930,DELIVERED,16,1591299740
78157,503533,DELIVERED,5,1591299757
78160,191049,DELIVERED,28,1591299760
78335,675379,DELIVERED,10,1591299935
78335,911376,DELIVERED,10,1591299935
78340,320825,UNASSIGNED,-1,1591299940
78341,320825,ASSIGNED,9,1591299941
78371,144806,DELIVERED,14,1591299971
78400,812873,UNASSIGNED,-1,1591300000
78401,812873,ASSIGNED,6,1591300001
78417,325568,UNASSIGNED,-1,1591300017
78418,325568,ASSIGNED,11,1591300018
78477,624004,IN_PROGRESS,15,1591300077
78537,146891,UNASSIGNED,-1,1591300137
78538,146891,ASSIGNED,5,1591300138
78586,497912,IN_PROGRESS,50,1591300186
78610,951063,UNASSIGNED,-1,1591300210
78611,951063,ASSIGNED,8,1591300211
78708,267857,IN_PROGRESS,16,1591300308
78931,603028,IN_PROGRESS,4,1591300531
79168,353098,IN_PROGRESS,50,1591300768
79454,904183,IN_PROGRESS,19,1591301054
79485,816752,IN_PROGRESS,27,1591301085
79518,812873,IN_PROGRESS,6,1591301118
79522,201463,DELIVERED,10,1591301122
79582,446230,UNASSIGNED,-1,1591301182
79583,446230,ASSIGNED,39,1591301183
79840,353098,DELIVERED,50,1591301440
79882,998010,UNASSIGNED,-1,1591301482
79883,998010,ASSIGNED,13,1591301483
79972,624004,DELIVERED,15,1591301572
80062,244219,UNASSIGNED,-1,1591301662
80063,244219,ASSIGNED,2,1591301663
80240,67635,UNASSIGNED,-1,1591301840
80241,67635,ASSIGNED,43,1591301841
80373,497912,DELIVERED,50,1591301973
80382,169481,IN_PROGRESS,5,1591301982
80387,554146,DELIVERED,14,1591301987
80397,503116,UNASSIGNED,-1,1591301997
80398,503116,ASSIGNED,23,1591301998
80477,483197,DELIVERED,16,1591302077
80477,267857,DELIVERED,16,1591302077
80480,502768,UNASSIGNED,-1,1591302080
80481,502768,ASSIGNED,9,1591302081
80662,454017,UNASSIGNED,-1,1591302262
80663,454017,ASSIGNED,43,1591302263
80722,323523,UNASSIGNED,-1,1591302322
80723,323523,ASSIGNED,8,1591302323
80782,271414,UNASSIGNED,-1,1591302382
80783,271414,ASSIGNED,7,1591302383
80842,1671,UNASSIGNED,-1,1591302442
80843,1671,ASSIGNED,7,1591302443
80867,816752,DELIVERED,27,1591302467
80969,805872,IN_PROGRESS,14,1591302569
81142,7903,UNASSIGNED,-1,1591302742
81143,7903,ASSIGNED,22,1591302743
81202,827655,UNASSIGNED,-1,1591302802
81203,827655,ASSIGNED,31,1591302803
81322,233483,UNASSIGNED,-1,1591302922
81323,233483,ASSIGNED,36,1591302923
81401,55738,IN_PROGRESS,50,1591303001
81500,358878,IN_PROGRESS,15,1591303100
81500,141957,DELIVERED,15,1591303100
81617,231304,IN_PROGRESS,19,1591303217
81617,904183,DELIVERED,19,1591303217
81641,634465,IN_PROGRESS,14,1591303241
81641,805872,DELIVERED,14,1591303241
81641,34042,UNASSIGNED,-1,1591303241
81642,34042,ASSIGNED,33,1591303242
81661,93647,IN_PROGRESS,27,1591303261
81661,711334,DELIVERED,27,1591303261
81664,663985,DELIVERED,26,1591303264
81717,435971,UNASSIGNED,-1,1591303317
81718,435971,ASSIGNED,5,1591303318
81802,702298,IN_PROGRESS,18,1591303402
81880,657174,UNASSIGNED,-1,1591303480
81881,657174,ASSIGNED,48,1591303481
81944,603028,DELIVERED,4,1591303544
82120,779890,UNASSIGNED,-1,1591303720
82121,779890,ASSIGNED,39,1591303721
82137,917191,UNASSIGNED,-1,1591303737
82138,917191,ASSIGNED,39,1591303738
82166,358878,DELIVERED,15,1591303766
82238,447245,IN_PROGRESS,26,1591303838
82454,93647,DELIVERED,27,1591304054
82454,84679,UNASSIGNED,-1,1591304054
82455,84679,ASSIGNED,30,1591304055
82510,963036,UNASSIGNED,-1,1591304110
82511,963036,ASSIGNED,13,1591304111
82557,810533,UNASSIGNED,-1,1591304157
82558,810533,ASSIGNED,17,1591304158
82817,316631,UNASSIGNED,-1,1591304417
82818,316631,ASSIGNED,22,1591304418
82832,559268,IN_PROGRESS,15,1591304432
82950,967632,IN_PROGRESS,14,1591304550
82950,634465,DELIVERED,14,1591304550
82962,169481,DELIVERED,5,1591304562
82962,185122,UNASSIGNED,-1,1591304562
82963,185122,ASSIGNED,48,1591304563
83038,425508,DELIVERED,4,1591304638
83236,767738,IN_PROGRESS,14,1591304836
83239,889820,IN_PROGRESS,27,1591304839
83248,239472,IN_PROGRESS,5,1591304848
83398,700532,UNASSIGNED,-1,1591304998
83399,700532,ASSIGNED,33,1591304999
83578,482472,UNASSIGNED,-1,1591305178
83579,482472,ASSIGNED,36,1591305179
83758,614747,UNASSIGNED,-1,1591305358
83759,614747,ASSIGNED,48,1591305359
83802,767738,DELIVERED,14,1591305402
83833,258683,IN_PROGRESS,18,1591305433
84113,722504,IN_PROGRESS,50,1591305713
84113,55738,DELIVERED,50,1591305713
84142,238121,UNASSIGNED,-1,1591305742
84143,238121,ASSIGNED,17,1591305743
84196,388006,IN_PROGRESS,27,1591305796
84220,75368,UNASSIGNED,-1,1591305820
84221,75368,ASSIGNED,5,1591305821
84233,719716,IN_PROGRESS,26,1591305833
84418,820707,UNASSIGNED,-1,1591306018
84419,820707,ASSIGNED,16,1591306019
84442,203389,UNASSIGNED,-1,1591306042
84443,203389,ASSIGNED,43,1591306043
84565,146891,IN_PROGRESS,5,1591306165
84565,239472,DELIVERED,5,1591306165
84646,151894,IN_PROGRESS,14,1591306246
84965,820707,IN_PROGRESS,16,1591306565
85090,722504,DELIVERED,50,1591306690
85258,290353,UNASSIGNED,-1,1591306858
85259,290353,ASSIGNED,16,1591306859
85347,559268,DELIVERED,15,1591306947
85396,435971,IN_PROGRESS,5,1591306996
85396,146891,DELIVERED,5,1591306996
85649,73704,IN_PROGRESS,21,1591307249
85649,748495,DELIVERED,21,1591307249
85713,822299,IN_PROGRESS,50,1591307313
85906,258683,DELIVERED,18,1591307506
86065,954711,IN_PROGRESS,19,1591307665
86065,231304,DELIVERED,19,1591307665
86122,286343,UNASSIGNED,-1,1591307722
86123,286343,ASSIGNED,5,1591307723
86269,170493,IN_PROGRESS,15,1591307869
86547,719716,DELIVERED,26,1591308147
86659,435971,DELIVERED,5,1591308259
86757,290353,IN_PROGRESS,16,1591308357
86757,820707,DELIVERED,16,1591308357
86802,874073,IN_PROGRESS,18,1591308402
86802,702298,DELIVERED,18,1591308402
86851,70882,IN_PROGRESS,15,1591308451
86905,388006,DELIVERED,27,1591308505
87340,447245,DELIVERED,26,1591308940
87340,477925,IN_PROGRESS,45,1591308940
87452,75368,IN_PROGRESS,5,1591309052
87528,151894,DELIVERED,14,1591309128
87590,607960,IN_PROGRESS,19,1591309190
87745,457175,IN_PROGRESS,27,1591309345
87745,889820,DELIVERED,27,1591309345
87770,481578,IN_PROGRESS,26,1591309370
87796,428345,IN_PROGRESS,21,1591309396
87796,262574,IN_PROGRESS,21,1591309396
87796,73704,DELIVERED,21,1591309396
87972,796806,IN_PROGRESS,50,1591309572
88034,286343,IN_PROGRESS,5,1591309634
88200,849532,IN_PROGRESS,26,1591309800
88544,281340,IN_PROGRESS,14,1591310144
88557,262574,DELIVERED,21,1591310157
88557,428345,DELIVERED,21,1591310157
88677,926096,IN_PROGRESS,41,1591310277
89024,849532,DELIVERED,26,1591310624
89069,607960,DELIVERED,19,1591310669
89105,796806,DELIVERED,50,1591310705
89290,359336,IN_PROGRESS,46,1591310890
89514,281340,DELIVERED,14,1591311114
89715,822299,DELIVERED,50,1591311315
89736,457175,DELIVERED,27,1591311336
89824,874073,DELIVERED,18,1591311424
89880,992515,IN_PROGRESS,22,1591311480
89880,707581,DELIVERED,22,1591311480
90011,18317,IN_PROGRESS,14,1591311611
90011,967632,DELIVERED,14,1591311611
90103,926096,DELIVERED,41,1591311703
90156,290353,DELIVERED,16,1591311756
90270,54975,IN_PROGRESS,50,1591311870
90292,572952,IN_PROGRESS,18,1591311892
90320,298662,IN_PROGRESS,19,1591311920
90320,954711,DELIVERED,19,1591311920
90571,148234,IN_PROGRESS,41,1591312171
90713,954232,IN_PROGRESS,15,1591312313
90713,70882,DELIVERED,15,1591312313
90838,998458,IN_PROGRESS,50,1591312438
90838,54975,DELIVERED,50,1591312438
90903,477925,DELIVERED,45,1591312503
91528,571087,IN_PROGRESS,46,1591313128
91571,43777,IN_PROGRESS,19,1591313171
91576,48399,IN_PROGRESS,8,1591313176
91576,491674,DELIVERED,8,1591313176
91699,709701,IN_PROGRESS,26,1591313299
91723,984325,IN_PROGRESS,18,1591313323
91723,572952,DELIVERED,18,1591313323
91841,148234,DELIVERED,41,1591313441
91900,954232,DELIVERED,15,1591313500
92095,34438,IN_PROGRESS,22,1591313695
92242,9275,IN_PROGRESS,8,1591313842
92434,571087,DELIVERED,46,1591314034
92725,998458,DELIVERED,50,1591314325
92827,43777,DELIVERED,19,1591314427
92855,709701,DELIVERED,26,1591314455
92871,319659,IN_PROGRESS,15,1591314471
92871,170493,DELIVERED,15,1591314471
92879,936970,DELIVERED,41,1591314479
92890,274177,IN_PROGRESS,49,1591314490
93016,359336,DELIVERED,46,1591314616
93029,221304,IN_PROGRESS,22,1591314629
93029,34438,DELIVERED,22,1591314629
93033,220218,IN_PROGRESS,14,1591314633
93193,122860,IN_PROGRESS,50,1591314793
93285,11795,IN_PROGRESS,18,1591314885
93511,221304,DELIVERED,22,1591315111
93511,992515,DELIVERED,22,1591315111
